Model_1,Model_2,Log_Likelihood_1,Log_Likelihood_2,LR_Statistic,Degrees_of_Freedom,p_value,Critical_Value_5pct,Critical_Value_1pct,Significant_at_5pct,Preferred_Model
Enhanced,Vol Adjusted,49.85844084043981,80.13825131227176,60.5596209436639,1,7.105427357601002e-15,3.841458820694124,6.6348966010212145,Yes,Vol Adjusted
Enhanced,Quadratic,49.85844084043981,51.928841867816026,4.140802054752427,1,0.04186133056125263,3.841458820694124,6.6348966010212145,Yes,Quadratic
Vol Adjusted,Quadratic,80.13825131227176,51.928841867816026,56.418818888911474,0,5.861977570020827e-14,3.841458820694124,6.6348966010212145,Yes,Vol Adjusted
