Variable,ADF_Statistic,ADF_p_value,ADF_Critical_1%,ADF_Critical_5%,ADF_Critical_10%,ADF_Stationary_5%,KPSS_Statistic,KPSS_p_value,KPSS_Stationary_5%,Observations
ILMDHYLD,-2.198631250591598,0.20674260896133423,-3.502704609582561,-2.8931578098779522,-2.583636712914788,No,0.8310733413378747,0.01,No,99
FEDL01,-1.524160524082858,0.521527424956701,-3.5011373281819504,-2.8924800524857854,-2.5832749307479226,No,0.8697218183282404,0.01,No,99
FHLK3MSPRD,-3.259604857500538,0.016783567690819807,-3.4989097606014496,-2.891516256916761,-2.5827604414827157,Yes,0.31984467634962865,0.1,Yes,99
1Y_3M_SPRD,-3.212016411896173,0.019299573695788004,-3.505190196159122,-2.894232085048011,-2.5842101234567902,Yes,0.21614919702558003,0.1,Yes,99
