,ILMDHYLD,FEDL01,FHLK3MSPRD,1Y_3M_SPRD,vol_24m,vol_ratio
ILMDHYLD,1.0,0.9762604170284371,-0.03137422489736827,-0.5439015539327323,0.1296964522819818,-0.26242412686568156
FEDL01,0.9762604170284371,1.0,-0.12120125857189733,-0.4306192612648212,0.13883853763696005,-0.2989859220295307
FHLK3MSPRD,-0.03137422489736827,-0.12120125857189733,1.0,-0.40683432479419385,0.14338303663501037,0.5449685102852433
1Y_3M_SPRD,-0.5439015539327323,-0.4306192612648212,-0.40683432479419385,1.0,-0.2085594964252409,-0.19794888712181485
vol_24m,0.1296964522819818,0.13883853763696005,0.14338303663501037,-0.2085594964252409,1.0,0.7687841023904243
vol_ratio,-0.26242412686568156,-0.2989859220295307,0.5449685102852433,-0.19794888712181485,0.7687841023904243,1.0
